<?xml version="1.0"?>
<script xmlns:xsi="http://www.w3.org/2001/XMLSchema-instance" xmlns:xsd="http://www.w3.org/2001/XMLSchema" id="urn:uuid:e9346688-62aa-414a-a338-38b1b41f0902" chaining="implicit">
  <commands>
    <command xsi:type="ExecuteModuleCommand" id="urn:uuid:120a444b-b765-47e4-bf3a-0e94d42a246e">
      <module name="w32memory-acquisition" version="1.4.62.0" />
      <config xsi:type="ParameterListModuleConfig">
        <parameters>
          <param name="Prevent Hibernation">
            <value xsi:type="xsd:boolean">true</value>
          </param>
        </parameters>
      </config>
      <filters />
    </command>
    <command xsi:type="ExecuteModuleCommand" id="urn:uuid:04a75336-b461-4eab-9ac0-3f878519137a">
      <module name="w32drivers-signature" version="2.1.4.0" />
      <config xsi:type="ParameterListModuleConfig">
        <parameters>
          <param name="enumerate imports">
            <value xsi:type="xsd:boolean">true</value>
          </param>
          <param name="enumerate exports">
            <value xsi:type="xsd:boolean">true</value>
          </param>
          <param name="Verify Digital Signatures">
            <value xsi:type="xsd:boolean">true</value>
          </param>
          <param name="MD5">
            <value xsi:type="xsd:boolean">true</value>
          </param>
          <param name="SHA1">
            <value xsi:type="xsd:boolean">false</value>
          </param>
          <param name="SHA256">
            <value xsi:type="xsd:boolean">true</value>
          </param>
          <param name="strings">
            <value xsi:type="xsd:boolean">false</value>
          </param>
          <param name="Preserve Times">
            <value xsi:type="xsd:boolean">false</value>
          </param>
          <param name="raw mode">
            <value xsi:type="xsd:boolean">false</value>
          </param>
        </parameters>
      </config>
      <filters />
    </command>
    <command xsi:type="ExecuteModuleCommand" id="urn:uuid:19953943-8114-4182-a92b-06aeb0b73568">
      <module name="w32drivers-modulelist" version="1.4.46.0" />
      <config xsi:type="ParameterListModuleConfig">
        <parameters />
      </config>
      <filters />
    </command>
    <command xsi:type="ExecuteModuleCommand" id="urn:uuid:83a002c1-9c2b-47e8-90e6-83d849dc3c59">
      <module name="w32kernel-hookdetection" version="1.4.46.0" />
      <config xsi:type="ParameterListModuleConfig">
        <parameters>
          <param name="idt">
            <value xsi:type="xsd:boolean">true</value>
          </param>
          <param name="ssdt_index">
            <value xsi:type="xsd:boolean">true</value>
          </param>
          <param name="ssdt_inline">
            <value xsi:type="xsd:boolean">true</value>
          </param>
          <param name="drivers">
            <value xsi:type="xsd:boolean">true</value>
          </param>
          <param name="Verify Digital Signatures">
            <value xsi:type="xsd:boolean">true</value>
          </param>
        </parameters>
      </config>
      <filters />
    </command>
    <command xsi:type="ExecuteModuleCommand" id="urn:uuid:8cede75e-d0f0-4466-a532-4ecc5929fc8c">
      <module name="w32processes-memory" version="2.1.4.0" />
      <config xsi:type="ParameterListModuleConfig">
        <parameters>
          <param name="pid" />
          <param name="process name" />
          <param name="handles">
            <value xsi:type="xsd:boolean">true</value>
          </param>
          <param name="sections">
            <value xsi:type="xsd:boolean">true</value>
          </param>
          <param name="ports">
            <value xsi:type="xsd:boolean">true</value>
          </param>
          <param name="enumerate imports">
            <value xsi:type="xsd:boolean">true</value>
          </param>
          <param name="enumerate exports">
            <value xsi:type="xsd:boolean">true</value>
          </param>
          <param name="detect injected dlls">
            <value xsi:type="xsd:boolean">true</value>
          </param>
          <param name="Verify Digital Signatures">
            <value xsi:type="xsd:boolean">true</value>
          </param>
          <param name="MD5">
            <value xsi:type="xsd:boolean">true</value>
          </param>
          <param name="SHA1">
            <value xsi:type="xsd:boolean">false</value>
          </param>
          <param name="SHA256">
            <value xsi:type="xsd:boolean">true</value>
          </param>
          <param name="MemD5">
            <value xsi:type="xsd:boolean">false</value>
          </param>
          <param name="strings">
            <value xsi:type="xsd:boolean">false</value>
          </param>
          <param name="Preserve Times">
            <value xsi:type="xsd:boolean">false</value>
          </param>
          <param name="raw mode">
            <value xsi:type="xsd:boolean">false</value>
          </param>
          <param name="Content Regex" />
        </parameters>
      </config>
      <filters />
    </command>
    <command xsi:type="ExecuteModuleCommand" id="urn:uuid:67909d92-0a02-4099-8058-1437847fd1c6">
      <module name="w32system" version="1.4.36.0" />
      <config xsi:type="ParameterListModuleConfig">
        <parameters>
          <param name="Prevent Hibernation">
            <value xsi:type="xsd:boolean">true</value>
          </param>
        </parameters>
      </config>
      <filters />
    </command>
    <command xsi:type="ExecuteModuleCommand" id="urn:uuid:a6464761-ff16-4a41-85b5-0a134d9ebf73">
      <module name="w32disks" version="1.4.36.0" />
      <config xsi:type="ParameterListModuleConfig">
        <parameters>
          <param name="Prevent Hibernation">
            <value xsi:type="xsd:boolean">true</value>
          </param>
        </parameters>
      </config>
      <filters />
    </command>
    <command xsi:type="ExecuteModuleCommand" id="urn:uuid:c9ab7ac2-bc8c-4cbe-a09f-3e6e6dbb302f">
      <module name="w32eventlogs" version="1.4.36.0" />
      <config xsi:type="ParameterListModuleConfig">
        <parameters>
          <param name="eventlog" />
          <param name="eventlogfullpath" />
          <param name="Prevent Hibernation">
            <value xsi:type="xsd:boolean">true</value>
          </param>
        </parameters>
      </config>
      <filters />
    </command>
    <command xsi:type="ExecuteModuleCommand" id="urn:uuid:7503547c-cbce-4094-a883-1093db3e0edd">
      <module name="w32apifiles" version="1.4.36.0" />
      <config xsi:type="ParameterListModuleConfig">
        <parameters>
          <param name="Path">
            <value xsi:type="xsd:string">%systemdrive%</value>
          </param>
          <param name="Regex" />
          <param name="MD5">
            <value xsi:type="xsd:boolean">true</value>
          </param>
          <param name="SHA1">
            <value xsi:type="xsd:boolean">false</value>
          </param>
          <param name="SHA256">
            <value xsi:type="xsd:boolean">true</value>
          </param>
          <param name="Preserve Times">
            <value xsi:type="xsd:boolean">false</value>
          </param>
          <param name="Analyze Entropy">
            <value xsi:type="xsd:boolean">true</value>
          </param>
          <param name="Enumerate Imports">
            <value xsi:type="xsd:boolean">true</value>
          </param>
          <param name="Enumerate Exports">
            <value xsi:type="xsd:boolean">true</value>
          </param>
          <param name="Analyze File Anomalies">
            <value xsi:type="xsd:boolean">true</value>
          </param>
          <param name="Scan Entry Point Distance">
            <value xsi:type="xsd:int">8</value>
          </param>
          <param name="Verify Digital Signatures">
            <value xsi:type="xsd:boolean">true</value>
          </param>
          <param name="Minimum Sizes" />
          <param name="Maximum Sizes" />
          <param name="Filter MD5" />
          <param name="Filter SHA1" />
          <param name="Filter SHA256" />
          <param name="Content Regex" />
          <param name="AND Operator">
            <value xsi:type="xsd:boolean">false</value>
          </param>
          <param name="Strings">
            <value xsi:type="xsd:boolean">false</value>
          </param>
          <param name="Include Files">
            <value xsi:type="xsd:boolean">true</value>
          </param>
          <param name="Include Directories">
            <value xsi:type="xsd:boolean">true</value>
          </param>
          <param name="Get Resources">
            <value xsi:type="xsd:boolean">true</value>
          </param>
          <param name="Get Resource Data">
            <value xsi:type="xsd:boolean">false</value>
          </param>
          <param name="Get Version Info">
            <value xsi:type="xsd:boolean">true</value>
          </param>
          <param name="Exclude Resource Types" />
          <param name="Prevent Hibernation">
            <value xsi:type="xsd:boolean">true</value>
          </param>
        </parameters>
      </config>
      <filters />
    </command>
    <command xsi:type="ExecuteModuleCommand" id="urn:uuid:082f0471-f9f5-4a8d-a2f0-d2a59e024335">
      <module name="w32network-arp" version="1.4.34.0" />
      <config xsi:type="ParameterListModuleConfig">
        <parameters>
          <param name="Prevent Hibernation">
            <value xsi:type="xsd:boolean">true</value>
          </param>
        </parameters>
      </config>
      <filters />
    </command>
    <command xsi:type="ExecuteModuleCommand" id="urn:uuid:9a7543d3-49fb-42af-a5df-e5f340d11455">
      <module name="w32network-dns" version="1.4.34.0" />
      <config xsi:type="ParameterListModuleConfig">
        <parameters>
          <param name="Prevent Hibernation">
            <value xsi:type="xsd:boolean">true</value>
          </param>
        </parameters>
      </config>
      <filters />
    </command>
    <command xsi:type="ExecuteModuleCommand" id="urn:uuid:50f3c641-703e-4614-a756-e970870370af">
      <module name="w32network-route" version="1.4.34.0" />
      <config xsi:type="ParameterListModuleConfig">
        <parameters>
          <param name="Prevent Hibernation">
            <value xsi:type="xsd:boolean">true</value>
          </param>
        </parameters>
      </config>
      <filters />
    </command>
    <command xsi:type="ExecuteModuleCommand" id="urn:uuid:e8323caa-373d-4caa-bd98-df8b33ad1bf4">
      <module name="w32ports" version="1.4.36.0" />
      <config xsi:type="ParameterListModuleConfig">
        <parameters>
          <param name="Prevent Hibernation">
            <value xsi:type="xsd:boolean">true</value>
          </param>
        </parameters>
      </config>
      <filters />
    </command>
    <command xsi:type="ExecuteModuleCommand" id="urn:uuid:8a83a7e8-97ec-4661-8618-8cb9d3964d8b">
      <module name="w32scripting-persistence" version="1.4.45.0" />
      <config xsi:type="ParameterListModuleConfig">
        <parameters>
          <param name="MD5">
            <value xsi:type="xsd:boolean">true</value>
          </param>
          <param name="SHA1">
            <value xsi:type="xsd:boolean">false</value>
          </param>
          <param name="SHA256">
            <value xsi:type="xsd:boolean">true</value>
          </param>
          <param name="Preserve Times">
            <value xsi:type="xsd:boolean">false</value>
          </param>
          <param name="Analyze Entropy">
            <value xsi:type="xsd:boolean">true</value>
          </param>
          <param name="Enumerate Imports">
            <value xsi:type="xsd:boolean">true</value>
          </param>
          <param name="Enumerate Exports">
            <value xsi:type="xsd:boolean">true</value>
          </param>
          <param name="Analyze File Anomalies">
            <value xsi:type="xsd:boolean">true</value>
          </param>
          <param name="Scan Entry Point Distance">
            <value xsi:type="xsd:int">8</value>
          </param>
          <param name="Verify Digital Signatures">
            <value xsi:type="xsd:boolean">true</value>
          </param>
          <param name="Get Resources">
            <value xsi:type="xsd:boolean">true</value>
          </param>
          <param name="Get Version Info">
            <value xsi:type="xsd:boolean">true</value>
          </param>
          <param name="lua_script" />
          <param name="Prevent Hibernation">
            <value xsi:type="xsd:boolean">true</value>
          </param>
        </parameters>
      </config>
      <filters />
    </command>
    <command xsi:type="ExecuteModuleCommand" id="urn:uuid:aa53bee3-0ab6-4740-ab6f-4945dae0bc22">
      <module name="w32prefetch" version="1.4.34.0" />
      <config xsi:type="ParameterListModuleConfig">
        <parameters>
          <param name="Prevent Hibernation">
            <value xsi:type="xsd:boolean">true</value>
          </param>
        </parameters>
      </config>
      <filters />
    </command>
    <command xsi:type="ExecuteModuleCommand" id="urn:uuid:df278d21-cc02-43bb-bb75-40b33badf96c">
      <module name="w32hivelist" version="1.4.36.0" />
      <config xsi:type="ParameterListModuleConfig">
        <parameters>
          <param name="Prevent Hibernation">
            <value xsi:type="xsd:boolean">true</value>
          </param>
        </parameters>
      </config>
      <filters />
    </command>
    <command xsi:type="ExecuteModuleCommand" id="urn:uuid:cdea21ba-8c85-4646-a285-54185d71fd26">
      <module name="w32registryapi" version="1.4.36.0" />
      <config xsi:type="ParameterListModuleConfig">
        <parameters>
          <param name="Path" />
          <param name="Path Regex" />
          <param name="Value Regex" />
          <param name="Type" />
          <param name="Prevent Hibernation">
            <value xsi:type="xsd:boolean">true</value>
          </param>
        </parameters>
      </config>
      <filters />
    </command>
    <command xsi:type="ExecuteModuleCommand" id="urn:uuid:62b257d6-d4c3-4d1d-98cb-742616b28ab9">
      <module name="w32services" version="1.4.36.0" />
      <config xsi:type="ParameterListModuleConfig">
        <parameters>
          <param name="MD5">
            <value xsi:type="xsd:boolean">true</value>
          </param>
          <param name="SHA1">
            <value xsi:type="xsd:boolean">false</value>
          </param>
          <param name="SHA256">
            <value xsi:type="xsd:boolean">true</value>
          </param>
          <param name="Verify Digital Signatures">
            <value xsi:type="xsd:boolean">true</value>
          </param>
          <param name="Preserve Times">
            <value xsi:type="xsd:boolean">false</value>
          </param>
          <param name="raw mode">
            <value xsi:type="xsd:boolean">false</value>
          </param>
          <param name="Prevent Hibernation">
            <value xsi:type="xsd:boolean">true</value>
          </param>
        </parameters>
      </config>
      <filters />
    </command>
    <command xsi:type="ExecuteModuleCommand" id="urn:uuid:9626ef64-ca7a-487a-b384-d7b173ad64dc">
      <module name="w32systemrestore" version="1.4.41.0" />
      <config xsi:type="ParameterListModuleConfig">
        <parameters>
          <param name="Prevent Hibernation">
            <value xsi:type="xsd:boolean">true</value>
          </param>
        </parameters>
      </config>
      <filters />
    </command>
    <command xsi:type="ExecuteModuleCommand" id="urn:uuid:703f882e-9b42-4f28-8988-2923d0019331">
      <module name="w32tasks" version="1.4.36.0" />
      <config xsi:type="ParameterListModuleConfig">
        <parameters>
          <param name="MD5">
            <value xsi:type="xsd:boolean">true</value>
          </param>
          <param name="SHA1">
            <value xsi:type="xsd:boolean">false</value>
          </param>
          <param name="SHA256">
            <value xsi:type="xsd:boolean">true</value>
          </param>
          <param name="Verify Digital Signatures">
            <value xsi:type="xsd:boolean">true</value>
          </param>
          <param name="Preserve Times">
            <value xsi:type="xsd:boolean">false</value>
          </param>
          <param name="raw mode">
            <value xsi:type="xsd:boolean">false</value>
          </param>
          <param name="Prevent Hibernation">
            <value xsi:type="xsd:boolean">true</value>
          </param>
        </parameters>
      </config>
      <filters />
    </command>
    <command xsi:type="ExecuteModuleCommand" id="urn:uuid:7edb1026-d744-4155-a0c6-0082732a700d">
      <module name="w32useraccounts" version="1.4.36.0" />
      <config xsi:type="ParameterListModuleConfig">
        <parameters>
          <param name="Prevent Hibernation">
            <value xsi:type="xsd:boolean">true</value>
          </param>
        </parameters>
      </config>
      <filters />
    </command>
    <command xsi:type="ExecuteModuleCommand" id="urn:uuid:bcc07a8d-558b-4c13-9cad-d20763d7010c">
      <module name="w32volumes" version="1.4.36.0" />
      <config xsi:type="ParameterListModuleConfig">
        <parameters>
          <param name="Prevent Hibernation">
            <value xsi:type="xsd:boolean">true</value>
          </param>
        </parameters>
      </config>
      <filters />
    </command>
    <command xsi:type="ExecuteModuleCommand" id="urn:uuid:283fdcfa-2e24-47f7-b633-083fdc2209ba">
      <module name="cookiehistory" version="1.4.36.0" />
      <config xsi:type="ParameterListModuleConfig">
        <parameters>
          <param name="TargetBrowser" />
          <param name="PathToHistoryFiles" />
          <param name="Prevent Hibernation">
            <value xsi:type="xsd:boolean">true</value>
          </param>
        </parameters>
      </config>
      <filters />
    </command>
    <command xsi:type="ExecuteModuleCommand" id="urn:uuid:e9f53b85-3ab8-4369-8e21-a90828d622c3">
      <module name="filedownloadhistory" version="1.4.36.0" />
      <config xsi:type="ParameterListModuleConfig">
        <parameters>
          <param name="TargetBrowser" />
          <param name="PathToHistoryFiles" />
          <param name="Prevent Hibernation">
            <value xsi:type="xsd:boolean">true</value>
          </param>
        </parameters>
      </config>
      <filters />
    </command>
    <command xsi:type="ExecuteModuleCommand" id="urn:uuid:32b5df21-6048-40ca-9399-49cade0bdcb3">
      <module name="formhistory" version="1.4.36.0" />
      <config xsi:type="ParameterListModuleConfig">
        <parameters>
          <param name="TargetBrowser" />
          <param name="PathToHistoryFiles" />
          <param name="Prevent Hibernation">
            <value xsi:type="xsd:boolean">true</value>
          </param>
        </parameters>
      </config>
      <filters />
    </command>
    <command xsi:type="ExecuteModuleCommand" id="urn:uuid:9d462e70-1a3e-41e7-9777-e2d466fc4525">
      <module name="urlhistory" version="1.4.36.0" />
      <config xsi:type="ParameterListModuleConfig">
        <parameters>
          <param name="TargetBrowser" />
          <param name="PathToHistoryFiles" />
          <param name="GetThumbnails">
            <value xsi:type="xsd:boolean">true</value>
          </param>
          <param name="GetIndexedPageContent">
            <value xsi:type="xsd:boolean">true</value>
          </param>
          <param name="Prevent Hibernation">
            <value xsi:type="xsd:boolean">true</value>
          </param>
        </parameters>
      </config>
      <filters />
    </command>
    <command xsi:type="ExecuteModuleCommand" id="urn:uuid:95bfacc3-00e8-425e-8921-5ca314de2bb5">
      <module name="w32processes-API" version="1.4.36.0" />
      <config xsi:type="ParameterListModuleConfig">
        <parameters>
          <param name="Prevent Hibernation">
            <value xsi:type="xsd:boolean">true</value>
          </param>
        </parameters>
      </config>
      <filters />
    </command>
    <command xsi:type="ExecuteModuleCommand" id="urn:uuid:99117e49-a5cd-4d8b-a1ac-65dd08e761de">
      <module name="w32processes-handle" version="1.4.36.0" />
      <config xsi:type="ParameterListModuleConfig">
        <parameters>
          <param name="Prevent Hibernation">
            <value xsi:type="xsd:boolean">true</value>
          </param>
        </parameters>
      </config>
      <filters />
    </command>
  </commands>
</script>